id;fecha;desde;hasta
1;2024-11-05;2024-11-05T16:29:20;2024-11-05T00:04:13
2;2024-11-05;2024-11-05T03:28:14;2024-11-05T01:12:01
3;2024-11-05;2024-11-05T21:39:06;2024-11-05T12:22:23
4;2024-11-05;2024-11-05T12:59:05;2024-11-05T16:33:43
5;2024-11-05;2024-11-05T20:37:13;2024-11-05T11:36:28
6;2024-11-05;2024-11-05T00:40:27;2024-11-05T06:18:07
7;2024-11-05;2024-11-05T15:05:55;2024-11-05T18:16:35
8;2024-11-05;2024-11-05T08:49:48;2024-11-05T07:30:28
9;2024-11-05;2024-11-05T11:31:08;2024-11-05T23:03:36
10;2024-11-05;2024-11-05T09:56:21;2024-11-05T18:37:46
